"data_source_title","species"
"National Center for Biotechnology Information","Caridina rapaensis"
"Wikispecies","Caridina tupaia"
"Wikispecies","Caridina marquesensis"
"Wikispecies","Zosterops lateralis"
"National Center for Biotechnology Information","Palpada vinetorum"
"National Center for Biotechnology Information","Homalodisca vitripennis"
"Wikispecies","Emoia cyanura"
"Encyclopedia of Life","Coenobita spinosus"
"Wikispecies","Sceliphron laetum"
"Wikispecies","Culex quinquefasciatus"
"Wikispecies","Lepidodactylus lugubris"
"Wikispecies","Estrilda astrild"
"Wikispecies","Lonchura castaneothorax"
"Wikispecies","Pycnonotus cafer"
"Wikispecies","Acridotheres tristis"
"Encyclopedia of Life","Cyclomorpha flava"
"Wikispecies","Circus approximans"
"Wikispecies","Gallus gallus"
"Wikispecies","Geopelia striata"
"Wikispecies","Ptilinopus purpuratus"
"National Center for Biotechnology Information","Melormenis basalis"
"Wikispecies","Canis lupus"
"Wikispecies","Neoptychodes trilineatus"
"Wikispecies","Cryptoblepharus poecilopleurus"
"National Center for Biotechnology Information","Shinobium trapezoideum"
"Wikispecies","Xylocopa sonorina"
"Wikispecies","Euglandina rosea"
"Wikispecies","Thelacantha brevispina"
"National Center for Biotechnology Information","Macrobrachium latimanus"
"Encyclopedia of Life","Tropidomantis kawaharai"
"Freebase","Caloptilia deltanthes"
"Wikispecies","Ischnura aurora"
"Encyclopedia of Life","Trioza significans"
"National Center for Biotechnology Information","Anaciaeschna jaspidea"
"National Center for Biotechnology Information","Kuhlia malo"
"Encyclopedia of Life","Psychoda williamsi"
"Encyclopedia of Life","Gonomyia tonnoirella"
"National Center for Biotechnology Information","Syritta oceanica"
"CU*STAR","Pseudagrion demorsum"
"Wikispecies","Diplacodes bipunctata"
"Wikispecies","Dichelopa zona"
"National Center for Biotechnology Information","Lobodillo hebridarum"
"Wikispecies","Platysimus insularis"
"Wikispecies","Dichelopa flexura"
"Encyclopedia of Life","Cangetta eschatia"
"National Center for Biotechnology Information","Macrobrachium australe"
"National Center for Biotechnology Information","Austracris guttulosa"
"Encyclopedia of Life","Asymphorodes lenticula"
"Encyclopedia of Life","Dicranomyia illingworthi"
"Encyclopedia of Life","Delcina diaspora"
"Encyclopedia of Life","Spherillo marquesarum"
"Encyclopedia of Life","Spauligodon gehyrae"
"Encyclopedia of Life","Eudonia munroei"
"National Center for Biotechnology Information","Tetramorium tonganum"
"National Center for Biotechnology Information","Conocephalus saltator"
"National Center for Biotechnology Information","Geograpsus crinipes"
"National Center for Biotechnology Information","Rhynchium quinquecinctum"
"National Center for Biotechnology Information","Limnogonus luctuosus"
"National Center for Biotechnology Information","Psammoecus pradieri"
"National Center for Biotechnology Information","Selenothrips rubrocinctus"
"Wikispecies","Platnickina mneon"
"Wikispecies","Protaetia fusca"
"National Center for Biotechnology Information","Tangaroa tahitiensis"
"Encyclopedia of Life","Ananca bicolor"
"Catalogue of Life Checklist","Aphis craccivora"
"Wikispecies","Diachus auratus"
"National Center for Biotechnology Information","Anticarsia irrorata"
"National Center for Biotechnology Information","Stemorrhages amphitritalis"
"National Center for Biotechnology Information","Endotricha mesenterialis"
"Wikispecies","Drosophila mediostriata"
"National Center for Biotechnology Information","Frigga crocuta"
"Wikispecies","Ornebius novarae"
"Encyclopedia of Life","Noduliferola marquesana"
"Wikispecies","Cardiocondyla minutior"
"Wikispecies","Solenopsis geminata"
"National Center for Biotechnology Information","Thorelliola ensifera"
"Wikispecies","Bactrocera tryoni"
"Wikispecies","Physocyclus globosus"
"National Center for Biotechnology Information","Acanthoderes quadrigibba"
"Encyclopedia of Life","Acicnemis variegatus"
"National Center for Biotechnology Information","Xylosandrus crassiusculus"
"National Center for Biotechnology Information","Hesperobaenus capito"
"Wikispecies","Tetramorium bicarinatum"
"National Center for Biotechnology Information","Athetis thoracica"
"Encyclopedia of Life","Piletocera fluctualis"
"National Center for Biotechnology Information","Telostylinus lineolatus"
"Wikispecies","Pycnoscelus surinamensis"
"National Center for Biotechnology Information","Luceria oculalis"
"Wikispecies","Synthesiomyia nudiseta"
"Wikispecies","Chrysodeixis eriosoma"
"National Center for Biotechnology Information","Brachyrhynchus membranaceus"
"National Center for Biotechnology Information","Heteropoda nobilis"
"Wikispecies","Monopis crocicapitella"
"National Center for Biotechnology Information","Cydia pseudomalesana"
"Wikispecies","Bactrocera dorsalis"
"Wikispecies","Dudua aprobola"
"Wikispecies","Polistes olivaceus"
"National Center for Biotechnology Information","Peckia chrysostoma"
"Wikispecies","Mallada basalis"
"Wikispecies","Monomorium floricola"
"Encyclopedia of Life","Gymnoscelis concinna"
"National Center for Biotechnology Information","Tropidomantis tenera"
"Wikispecies","Iridomyrmex anceps"
"Encyclopedia of Life","Adoretus sinicus"
"National Center for Biotechnology Information","Leucauge granulata"
"Wikispecies","Exelastis pumilio"
"National Center for Biotechnology Information","Conoderus pallipes"
"Integrated Taxonomic Information SystemITIS","Balclutha incisa"
"National Center for Biotechnology Information","Cyclosa tauraai"
"Wikispecies","Anoplolepis gracilipes"
"Wikispecies","Balta notulata"
"Wikispecies","Cosmophasis lami"
"National Center for Biotechnology Information","Metioche vittaticollis"
"National Center for Biotechnology Information","Simplicia cornicalis"
"Wikispecies","Leptoglossus gonagra"
"National Center for Biotechnology Information","Hieromantis ephodophora"
"Encyclopedia of Life","Echmepteryx unicolor"
"National Center for Biotechnology Information","Spodoptera litura"
"Wikispecies","Drosophila ananassae"
"National Center for Biotechnology Information","Tetramorium pacificum"
"Wikispecies","Utetheisa pulchelloides"
"National Center for Biotechnology Information","Mocis trifasciata"
"National Center for Biotechnology Information","Scholastes lonchifer"
"Wikispecies","Pholcus ancoralis"
"Wikispecies","Dryadaula terpsichorella"
"Wikispecies","Nezara viridula"
"Encyclopedia of Life","Poecilosomella pectiniterga"
"National Center for Biotechnology Information","Clubiona samoensis"
"National Center for Biotechnology Information","Ectopsocus fullawayi"
"Wikispecies","Chrysomya megacephala"
"National Center for Biotechnology Information","Argyrodes samoensis"
"Wikispecies","Dictis striatipes"
"Encyclopedia of Life","Tetragnatha keyserlingi"
"National Center for Biotechnology Information","Tetragnatha macilenta"
"Wikispecies","Erechthias tritogramma"
"National Center for Biotechnology Information","Herpetogramma licarsisalis"
"Encyclopedia of Life","Paratrechina vaga"
"Freebase","Cnaphalocrocis poeyalis"
"National Center for Biotechnology Information","Theridion societatis"
"National Center for Biotechnology Information","Chasmina tibialis"
"Encyclopedia of Life","Hypena longfieldae"
"Wikispecies","Neoscona theisi"
"National Center for Biotechnology Information","Pseudoregma panicola"
"Wikispecies","Pseudobulweria rostrata"
"Encyclopedia of Life","Omphalotropis boraborensis"
"National Center for Biotechnology Information","Dermatophagoides pteronyssinus"
"Wikispecies","Partula suturalis"
"Encyclopedia of Life","Omphalotropis huaheinensis"
"Wikispecies","Partula otaheitana"
"National Center for Biotechnology Information","Partula hyalina"
"National Center for Biotechnology Information","Partula taeniata"
"Encyclopedia of Life","Aphanoconia minuta"
"Encyclopedia of Life","Malayoglyphus intermedius"
"Wikispecies","Partula rosea"
"Encyclopedia of Life","Succinea humerosa"
"Encyclopedia of Life","Omphalotropis abbreviata"
"Encyclopedia of Life","Nesiocina solidula"
"Encyclopedia of Life","Orobophana maugeriae"
"National Center for Biotechnology Information","Partula hebe"
"Wikispecies","Partula faba"
"Wikispecies","Melanoides tuberculata"
"Freebase","Partula crassilabris"
"National Center for Biotechnology Information","Turbo setosus"
"Wikispecies","Dermatophagoides farinae"
"Encyclopedia of Life","Pleuropoma articulata"
"Encyclopedia of Life","Mendana rectangula"
"National Center for Biotechnology Information","Partula lutea"
"Index Animalium by Charles Davies Sherborn","Melania moreleti"
"Encyclopedia of Life","Succinea papillata"
"Wikispecies","Vini ultramarina"
"Wikispecies","Ptilinopus dupetithouarsii"
"Encyclopedia of Life","Nesiocina discoidea"
"Encyclopedia of Life","Orobophana pacifica"
"Encyclopedia of Life","Alcadia citrinolabris"
"National Center for Biotechnology Information","Partula garrettii"
"Encyclopedia of Life","Diastole conula"
"National Center for Biotechnology Information","Partula affinis"
"National Center for Biotechnology Information","Septaria lineata"
"Encyclopedia of Life","Succinea scalarina"
"National Center for Biotechnology Information","Partula grisea"
"Wikispecies","Partula dentifera"
"Encyclopedia of Life","Maoristylus bivaricosus"
"Wikispecies","Partula varia"
"Wikispecies","Todiramphus tutus"
"National Center for Biotechnology Information","Mus triton"
"National Center for Biotechnology Information","Partula nodosa"
"Freebase","Partula umbilicata"
"Encyclopedia of Life","Omphalotropis producta"
"Encyclopedia of Life","Peragrarchis pelograpta"
"Encyclopedia of Life","Limonia raiateaae"
"Wikispecies","Ernophthora lechriogramma"
"Encyclopedia of Life","Jamides walkeri"
"Wikispecies","Oopsis nutator"
"Wikispecies","Gnathothlibus eras"
"Wikispecies","Harmonia axyridis"
"Wikispecies","Neochmia temporalis"
"Wikispecies","Ramphocelus dimidiatus"
"Wikispecies","Columba livia"
"Encyclopedia of Life","Scolelepis dicha"
"Wikispecies","Lissodendoryx inaequalis"
"Wikispecies","Ducula aurorae"
"Wikispecies","Acrocephalus percernis"
"National Center for Biotechnology Information","Apionsoma misakianum"
"Wikispecies","Bactra optanias"
"Encyclopedia of Life","Paratrechina bourbonica"
"Wikispecies","Hermetia illucens"
"National Center for Biotechnology Information","Ponera bableti"
"National Center for Biotechnology Information","Ornithuroscincus noctua"
"Wikispecies","Praeacedes atomosella"
"National Center for Biotechnology Information","Chironomus crassiforceps"
"Wikispecies","Drosophila melanogaster"
"Wikispecies","Polistes humilis"
"National Center for Biotechnology Information","Catacanthus viridicatus"
"Wikispecies","Coelophora inaequalis"
"National Center for Biotechnology Information","Enicospilus aequalis"
"Wikispecies","Lampides boeticus"
"Wikispecies","Lucilia cuprina"
"Wikispecies","Gehyra oceanica"
"Wikispecies","Zosis geniculata"
"Wikispecies","Anax guttatus"
"National Center for Biotechnology Information","Styringomyia didyma"
"National Center for Biotechnology Information","Ischiodon scutellaris"
"Wikispecies","Coleosoma floridanum"
"Wikispecies","Pheidole sexspinosa"
"Wikispecies","Epuraea ocularis"
"National Center for Biotechnology Information","Trathala annulicornis"
"National Center for Biotechnology Information","Allograpta nigripilosa"
"National Center for Biotechnology Information","Trypoxylon nitidum"
"Wikispecies","Chilocorus nigritus"
"Wikispecies","Misumenops melloleitaoi"
"National Center for Biotechnology Information","Ophiomyia lantanae"
"National Center for Biotechnology Information","Notocochlis gualtieriana"
"National Center for Biotechnology Information","Melanella aciculata"
"National Center for Biotechnology Information","Sarasinula plebeia"
"National Center for Biotechnology Information","Subulina octona"
"Wikispecies","Aerodramus leucophaeus"
"Wikispecies","Anas superciliosa"
"Wikispecies","Cryptolaemus montrouzieri"
"Catalogue of Life Checklist","Lagocheirus obsoletus"
"Wikispecies","Emoia impar"
"National Center for Biotechnology Information","Polydesma boarmoides"
"National Center for Biotechnology Information","Technomyrmex vitiensis"
"National Center for Biotechnology Information","Epigrapsus politus"
"National Center for Biotechnology Information","Paropeas achatinaceum"
"Encyclopedia of Life","Omphalotropis terebralis"
"Encyclopedia of Life","Elasmias peaseanum"
"National Center for Biotechnology Information","Tarebia granifera"
"National Center for Biotechnology Information","Geograpsus grayi"
"Encyclopedia of Life","Sinployea modicella"
"Freebase","Platynerita rufa"
"Encyclopedia of Life","Partula lugubris"
"Encyclopedia of Life","Elasmias apertum"
"National Center for Biotechnology Information","Ovachlamys fulgens"
"GBIF Backbone Taxonomy","Dendrodoris tuberculata"
"Encyclopedia of Life","Orobophana albolabris"
"Encyclopedia of Life","Sesarmops angustifrons"
"National Center for Biotechnology Information","Atyoida pilipes"
"Wikispecies","Lophopagurus minimus"
"Encyclopedia of Life","Lamellidea pusilla"
"Encyclopedia of Life","Georissa parva"
"National Center for Biotechnology Information","Bradybaena similaris"
"Encyclopedia of Life","Lamellidea oblonga"
"Encyclopedia of Life","Trochomorpha typus"
"National Center for Biotechnology Information","Macrobrachium lar"
"National Center for Biotechnology Information","Lissachatina fulica"
"Freebase","Partula imperforata"
"Encyclopedia of Life","Pitar prora"
"National Center for Biotechnology Information","Apionsoma pectinatum"
"National Center for Biotechnology Information","Succinea pudorina"
"Freebase","Opeas hannense"
"National Center for Biotechnology Information","Partula navigatoria"
"Freebase","Mautodontha consimilis"
"Encyclopedia of Life","Trochomorpha swainsoni"
"Wikispecies","Samoana attenuata"
"GBIF Backbone Taxonomy","Hindsia nivea"
"Wikispecies","Holothuria rigida"
"Encyclopedia of Life","Liardetia discordiae"
"Integrated Taxonomic Information SystemITIS","Palola viridis"
"Encyclopedia of Life","Nebularia avenacea"
"National Center for Biotechnology Information","Holothuria turriscelsa"
"Encyclopedia of Life","Omphalotropis scitula"
"Freebase","Partula auriculata"
"National Center for Biotechnology Information","Atyopsis spinipes"
"Encyclopedia of Life","Libera gregaria"
"Wikispecies","Laevicaulis alte"
"Freebase","Vexillum unifascialis"
"Encyclopedia of Life","Libera heynemanni"
"National Center for Biotechnology Information","Clithon chlorostoma"
"Encyclopedia of Life","Gambiodonta mirabilis"
"Encyclopedia of Life","Libera recedens"
"National Center for Biotechnology Information","Thiara amarula"
"Wikidata","Rattus rattus"
"Wikispecies","Rattus exulans"
"National Center for Biotechnology Information","Pupisoma dioscoricola"
"Wikispecies","Coneuplecta calculosa"
"Encyclopedia of Life","Assiminea parvula"
"National Center for Biotechnology Information","Mitra papalis"
"National Center for Biotechnology Information","Septaria tahitiana"
"Encyclopedia of Life","Lamellidea micropleura"
"Encyclopedia of Life","Nesopupa pleurophora"
"Encyclopedia of Life","Stiphodon julieni"
"Wikispecies","Strumigenys godeffroyi"
"Wikispecies","Strumigenys rogeri"
"Wikispecies","Paratrechina longicornis"
"National Center for Biotechnology Information","Nylanderia glabrior"
"National Center for Biotechnology Information","Tetramorium simillimum"
"Wikispecies","Monomorium pharaonis"
"National Center for Biotechnology Information","Hypoponera opaciceps"
"Wikispecies","Strumigenys mumfordi"
"National Center for Biotechnology Information","Hypoponera opacior"
"National Center for Biotechnology Information","Solenopsis globularia"
"Wikispecies","Pheidole fervens"
"National Center for Biotechnology Information","Ponera petila"
"National Center for Biotechnology Information","Aedes polynesiensis"
"Encyclopedia of Life","Culex atriceps"
"Wikispecies","Aedes aegypti"
"Encyclopedia of Life","Culex roseni"
"Encyclopedia of Life","Aedes edgari"
"Encyclopedia of Life","Culex marquesensis"
"Encyclopedia of Life","Culex litoralis"
"National Center for Biotechnology Information","Culex annulirostris"
"Wikispecies","Tapinoma melanocephalum"
"National Center for Biotechnology Information","Dasyhelea ludingensis"
"National Center for Biotechnology Information","Echthromorpha agrestoria"
"National Center for Biotechnology Information","Pseudopachybrachius guttus"
"National Center for Biotechnology Information","Diplonevra peregrina"
"National Center for Biotechnology Information","Achaea janata"
"Wikispecies","Melanitis leda"
"Wikispecies","Toxorhynchites amboinensis"
"National Center for Biotechnology Information","Omiodes diemenalis"
"Wikispecies","Sitophilus granarius"
"Wikispecies","Hemiptarsenus varicornis"
"Encyclopedia of Life","Eupelmus australiensis"
"Encyclopedia of Life","Iressa neoleuca"
"Wikispecies","Ichneumon promissorius"
"National Center for Biotechnology Information","Anterhynchium rufipes"
"Encyclopedia of Life","Stathmopoda percnophthalma"
"Encyclopedia of Life","Catalectis pharetropa"
"Wikispecies","Hyblaea puera"
"National Center for Biotechnology Information","Stoeberhinus testaceus"
"Wikispecies","Ernophthora chrysura"
"National Center for Biotechnology Information","Penicillaria jocosatrix"
"Wikispecies","Hasarius adansoni"
"National Center for Biotechnology Information","Xyleborus ferrugineus"
"Encyclopedia of Life","Stathmopoda argyrosticha"
"Wikispecies","Pediculus humanus"
"Encyclopedia of Life","Imma impariseta"
"Encyclopedia of Life","Pyroderces incertulella"
"National Center for Biotechnology Information","Melanostoma polynesiotes"
"Wikispecies","Opogona aurisquamosa"
"Encyclopedia of Life","Cosmopterix melanarches"
"National Center for Biotechnology Information","Simodactylus cinnamomeus"
"National Center for Biotechnology Information","Copostigma vitiense"
"Catalogue of Life Checklist","Sitobion avenae"
"Wikispecies","Euplexia vetula"
"Encyclopedia of Life","Cleora dodonaeae"
"Wikispecies","Periplaneta australasiae"
"National Center for Biotechnology Information","Eucampyla etheiella"
"National Center for Biotechnology Information","Filicicoris viridis"
"Wikispecies","Comodica signata"
"Encyclopedia of Life","Herlinda iota"
"Wikispecies","Condica illecta"
"Wikispecies","Neotrichiorhyssemus hirsutus"
"National Center for Biotechnology Information","Enicospilus melanocarpus"
"Wikispecies","Mochtherus tetraspilotus"
"National Center for Biotechnology Information","Tiracola plagiata"
"National Center for Biotechnology Information","Dinema filicornis"
"National Center for Biotechnology Information","Spodoptera mauritia"
"Encyclopedia of Life","Choreutis orthogona"
"National Center for Biotechnology Information","Agrotis ipsilon"
"Wikispecies","Mythimna separata"
"Wikispecies","Spoladea recurvalis"
"Encyclopedia of Life","Cnaphalocrocis trapezalis"
"National Center for Biotechnology Information","Chasmina candida"
"Encyclopedia of Life","Scoparia psednopa"
"Wikispecies","Hyalobathra variabilis"
"Wikispecies","Dichelopa iochorda"
"Wikispecies","Utetheisa pulchella"
"Wikispecies","Erechthias simulans"
"National Center for Biotechnology Information","Diasemiopsis ramburialis"
"Encyclopedia of Life","Cleora stenoglypta"
"Encyclopedia of Life","Anthophila chelaspis"
"Wikispecies","Dichelopa phalaranthes"
"Wikispecies","Dichelopa amorpha"
"Wikispecies","Vagrans egista"
"Wikispecies","Hypolimnas bolina"
"Wikispecies","Eudocima phalonia"
"National Center for Biotechnology Information","Megachile umbripennis"
"Wikispecies","Porcellionides pruinosus"
"Wikispecies","Discoplax longipes"
"Encyclopedia of Life","Eulimnadia garretti"
"Wikispecies","Australaena zimmermani"
"Encyclopedia of Life","Photodotis peregrina"
"Wikispecies","Scolopendra subspinipes"
"Wikispecies","Ceresium unicolor"
"Encyclopedia of Life","Nesoscopa exsors"
"National Center for Biotechnology Information","Kallitaxila sinica"
"National Center for Biotechnology Information","Macroglossum hirundo"
"Wikispecies","Ischnura taitensis"
"PLAZI treatments","Apis mellifera"
"Wikispecies","Lysiphlebus testaceipes"
"Wikispecies","Thaumatotibia chaomorpha"
"Encyclopedia of Life","Asymphorodes trichogramma"
"National Center for Biotechnology Information","Cosmopolites sordidus"
"National Center for Biotechnology Information","Sophonia orientalis"
"Encyclopedia of Life","Opogona discordia"
"Freebase","Notogramma cimiciforme"
"Wikispecies","Litargus vestitus"
"Freebase","Tirsa fiona"
"National Center for Biotechnology Information","Euplatypus parallelus"
"Wikispecies","Phereoeca allutella"
"Wikispecies","Dichelopa peropaca"
"National Center for Biotechnology Information","Diaphania indica"
"Wikispecies","Cardiocondyla emeryi"
"National Center for Biotechnology Information","Teleogryllus oceanicus"
"National Center for Biotechnology Information","Euploea lewinii"
"National Center for Biotechnology Information","Callopistria maillardi"
"Wikispecies","Misumenops temihana"
"Encyclopedia of Life","Parhippolyte mistica"
"National Center for Biotechnology Information","Spelobia bifrons"
"Wikispecies","Nabis kinbergii"
"National Center for Biotechnology Information","Liriomyza sativae"
"Wikispecies","Erechthias minuscula"
"National Center for Biotechnology Information","Graeffea crouanii"
"Wikispecies","Erechthias zebrina"
"Wikispecies","Evania appendigaster"
"National Center for Biotechnology Information","Maliattha ritsemae"
"National Center for Biotechnology Information","Cryptoblabes plagioleuca"
"National Center for Biotechnology Information","Setomorpha rutella"
"Encyclopedia of Life","Idioblasta transversata"
"National Center for Biotechnology Information","Pterolophia lateripicta"
"Encyclopedia of Life","Phycita orthoclina"
"Wikispecies","Crocidosema plebejana"
"Wikispecies","Strepsicrates thyellopis"
"Wikispecies","Etiella zinckenella"
"National Center for Biotechnology Information","Pachodynerus nasidens"
"Encyclopedia of Life","Trissodoris thelmae"
"National Center for Biotechnology Information","Peckia volucris"
"National Center for Biotechnology Information","Anomis flava"
"Freebase","Caloptilia hilaropis"
"Wikispecies","Dudua eumenica"
"National Center for Biotechnology Information","Anthrax semiscitus"
"National Center for Biotechnology Information","Hypena masurialis"
"Wikispecies","Scytodes fusca"
"National Center for Biotechnology Information","Tetragnatha rava"
"Wikispecies","Plexippus paykulli"
"Wikispecies","Ornidia obesa"
"National Center for Biotechnology Information","Syritta aenigmatopatria"
"Freebase","Trissodoris honorariella"
"Encyclopedia of Life","Tatobotys vibrata"
"Wikispecies","Ceratobia oxymora"
"Encyclopedia of Life","Choreutis chalcotoxa"
"National Center for Biotechnology Information","Hydriris ornatalis"
"Encyclopedia of Life","Pyroderces lunulifera"
"Wikispecies","Sceliphron caementarium"
"Wikispecies","Ptilinopus coralensis"
"Wikispecies","Todiramphus veneratus"
"Wikispecies","Acrocephalus atyphus"
"National Center for Biotechnology Information","Partula clara"
"Wikispecies","Birgus latro"
"Encyclopedia of Life","Aechmorhynchus parvirostris"
"National Center for Biotechnology Information","Porzana tabuensis"
"Wikispecies","Vini peruviana"
"Wikispecies","Acrocephalus caffer"
"Wikispecies","Ploceus melanocephalus"
"Wikispecies","Ramphocelus carbo"
"Wikispecies","Hirundo tahitica"
"Wikispecies","Butorides virescens"
"Wikispecies","Urodynamis taitensis"
"National Center for Biotechnology Information","Partula diminuta"
"Wikispecies","Aerodramus ocistus"
"National Center for Biotechnology Information","Myctophum spinosum"
"Index to Organism Names","Idiacanthus panamensis"
"Encyclopedia of Life","Leptocephalus holti"
"Wikispecies","Pomarea iphis"
"National Center for Biotechnology Information","Coridromius taravao"
"Encyclopedia of Life","Taheitia scalariformis"
"Wikispecies","Pheidole oceanica"
"Encyclopedia of Life","Nesodiscus huaheinensis"
"Freebase","Samoana annectens"
"Encyclopedia of Life","Omphalotropis pupoides"
"Encyclopedia of Life","Trochomorpha cressida"
"Encyclopedia of Life","Lamprocystis vitrinella"
"Wikispecies","Hemidactylus frenatus"
"Encyclopedia of Life","Partula compressa"
"Encyclopedia of Life","Succinea pallida"
"National Center for Biotechnology Information","Elimia edgariana"
"Encyclopedia of Life","Tubuaia inconstans"
"Encyclopedia of Life","Omphalotropis tahitensis"
"Wikispecies","Ptilinopus mercierii"
"The Interim Register of Marine and Nonmarine Genera","Gastrocopta pediculus"
"Encyclopedia of Life","Nesovitrea pauxilla"
"National Center for Biotechnology Information","Partula incrassa"
"Encyclopedia of Life","Celticola pilsbryi"
"Encyclopedia of Life","Cyclomorpha obligata"
"Index to Organism Names","Acanthurus rhombeus"
"Encyclopedia of Life","Elasmias amphodon"
"Encyclopedia of Life","Aphanoconia exigua"
"National Center for Biotechnology Information","Samoana ganymedes"
"Encyclopedia of Life","Nesodiscus fabrefactus"
"Encyclopedia of Life","Succinea gouldiana"
"Freebase","Samoana inflata"
"Encyclopedia of Life","Libera bursatella"
"National Center for Biotechnology Information","Partula micans"
"National Center for Biotechnology Information","Orphnaeus brevilabiatus"
"Encyclopedia of Life","Tornatellides oblongus"
"Wikispecies","Bipalium kewense"
"National Center for Biotechnology Information","Sicyopterus pugnans"
"Wikispecies","Periplaneta americana"
"Wikispecies","Olla v-nigrum"
"Wikispecies","Hippotion celerio"
"Wikispecies","Phintelloides versicolor"
"Wikispecies","Ducula galeata"
"Wikispecies","Sticholotis ruficeps"
"National Center for Biotechnology Information","Pavona frondifera"
"National Center for Biotechnology Information","Liocheles australasiae"
"Wikispecies","Phelsuma laticauda"
"Wikispecies","Heteropoda venatoria"
"Wikispecies","Pomarea nigra"
"Wikispecies","Cairina moschata"
"National Center for Biotechnology Information","Gonocephalum adpressiforme"
"Encyclopedia of Life","Coenobita carnescens"
"Wikispecies","Chelisoches morio"
"Catalogue of Life Checklist","Oxycarenus luctuosus"
"Encyclopedia of Life","Placosternus crinicornis"
"Encyclopedia of Life","Jordanthribus planifacietus"
"Encyclopedia of Life","Scymnodes lividigaster"
"Wikispecies","Agapornis personatus"
"Encyclopedia of Life","Asymphorodes ochrogramma"
"Encyclopedia of Life","Trioza bimaculata"
"Encyclopedia of Life","Ctenarytaina remota"
"Encyclopedia of Life","Clarkeophlebia argentea"
"Encyclopedia of Life","Carposina apousia"
"Wikispecies","Sus scrofa"
"Wikispecies","Aegomorphus quadrigibbus"
"Freebase","Felis catus"
"National Center for Biotechnology Information","Belionota prasina"
"Wikispecies","Hyperaspis silvestrii"
"Encyclopedia of Life","Oxydema longulum"
"Wikispecies","Daphnis nerii"
"Encyclopedia of Life","Brentus cylindrus"
"Wikispecies","Glycyphana bimaculata"
"Wikispecies","Ptilinopus chalcurus"
"Wikispecies","Cardiocondyla wroughtonii"
"Wikispecies","Tholymis tillarga"
"Wikispecies","Henosepilachna vigintioctopunctata"
"Wikispecies","Capra hircus"
"National Center for Biotechnology Information","Endeavouria septemlineata"
"Wikispecies","Equus caballus"
"Wikispecies","Platydemus manokwari"
"Encyclopedia of Life","Asymphorodes phalarogramma"
"Encyclopedia of Life","Imma feaniensis"
"Encyclopedia of Life","Asymphorodes mediostriatus"
"Wikispecies","Tritopterna eocnephaea"
"Encyclopedia of Life","Asymphorodes nigricornis"
"Encyclopedia of Life","Asymphorodes trigrapha"
"Wikispecies","Ischnura thelmae"
"National Center for Biotechnology Information","Puffinus bailloni"
"Wikispecies","Leucophaeus atricilla"
"Wikispecies","Leucophaeus pipixcan"
"Wikispecies","Todiramphus godeffroyi"
"Wikispecies","Pomarea whitneyi"
"Wikispecies","Acrocephalus rimitarae"
"Wikispecies","Pomarea mendozae"
"Encyclopedia of Life","Cnaphalocrocis hemicrossa"
"National Center for Biotechnology Information","Tatobotys biannulalis"
"Encyclopedia of Life","Bradina perlucidalis"
"Encyclopedia of Life","Imma assita"
"Encyclopedia of Life","Glyphodes phormingopa"
"Encyclopedia of Life","Choreutis catapsesta"
"Wikispecies","Agrius convolvuli"
"Encyclopedia of Life","Scoparia tivira"
"Encyclopedia of Life","Bradina fidelia"
"Encyclopedia of Life","Stagmatophora cyma"
"Wikispecies","Pampusana erythroptera"
"Wikispecies","Puffinus myrtae"
"Wikispecies","Acrocephalus mendanae"
"Wikispecies","Pampusana rubescens"
"Wikispecies","Vanellus miles"
"Wikispecies","Todiramphus gertrudae"
"Freebase","Tryngites subruficollis"
"Wikispecies","Ptilinopus huttoni"
"Encyclopedia of Life","Dero trifida"
"National Center for Biotechnology Information","Nais variabilis"
"National Center for Biotechnology Information","Allonais inaequalis"
"National Center for Biotechnology Information","Pristina jenkinae"
"National Center for Biotechnology Information","Pristina osborni"
"National Center for Biotechnology Information","Allonais pectinata"
"National Center for Biotechnology Information","Pristina proboscidea"
"Integrated Taxonomic Information SystemITIS","Pristina menoni"
"National Center for Biotechnology Information","Alloniscus oahuensis"
"Wikispecies","Asymphorodes albicoma"
"Wikispecies","Dichelopa hadrotes"
"Encyclopedia of Life","Campiglossa media"
"Encyclopedia of Life","Asymphorodes porphyrarcha"
"Encyclopedia of Life","Idioblasta stenogramma"
"Encyclopedia of Life","Asymphorodes lucidus"
"Wikispecies","Ernophthora aphanoptera"
"Open Tree of Life Reference Taxonomy","Otopheidomenis treati"
"National Center for Biotechnology Information","Acicnemis crassiuscula"
"National Center for Biotechnology Information","Septaria porcellana"
"Encyclopedia of Life","Libera garrettiana"
"Encyclopedia of Life","Melania tahitensis"
"Encyclopedia of Life","Trochomorpha eurydice"
"Encyclopedia of Life","Succinea costulosa"
"Encyclopedia of Life","Vitta zebra"
"Encyclopedia of Life","Orobophana miniata"
"Wikispecies","Acrocephalus longirostris"
"Encyclopedia of Life","Melania corporosa"
"Freebase","Clithon faba"
"Encyclopedia of Life","Omphalotropis viridescens"
"National Center for Biotechnology Information","Allopeas gracile"
"National Center for Biotechnology Information","Parodynerus bicinctus"
"National Center for Biotechnology Information","Triclistus aitkeni"
"National Center for Biotechnology Information","Macarostola pontificalis"
"Wikispecies","Cassida compuncta"
"National Center for Biotechnology Information","Lallemandana insignis"
"Wikispecies","Curtomerus flavus"
"Encyclopedia of Life","Hydrillodes melanozona"
"National Center for Biotechnology Information","Ichneumon veo"
"Wikispecies","Ctenocephalides felis"
"Catalogue of Life Checklist","Echmepteryx madagascariensis"
"Wikispecies","Stomorhina discolor"
"Encyclopedia of Life","Asymphorodes coesyrias"
"National Center for Biotechnology Information","Pseudorichardia flavitarsis"
"National Center for Biotechnology Information","Maruca vitrata"
"Freebase","Blastobasis inana"
"Wikispecies","Figulus foveicollis"
"National Center for Biotechnology Information","Xyleborus perforans"
"Wikispecies","Fromundus pygmaeus"
"Wikispecies","Blattella germanica"
"Wikispecies","Neonesiotes remiformis"
"Wikispecies","Meteorus pulchricornis"
"National Center for Biotechnology Information","Sarcophaga tibialis"
"National Center for Biotechnology Information","Andrewia bochkovi"
"National Center for Biotechnology Information","Megalurothrips usitatus"
"Wikispecies","Autosticha pelodes"
"Wikispecies","Aphidius colemani"
"Wikispecies","Erechthias cirrhogramma"
"Wikispecies","Wasmannia auropunctata"
"Wikispecies","Pomarea mira"
"National Center for Biotechnology Information","Pavona duerdeni"
"National Center for Biotechnology Information","Coccinella transversalis"
"Wikispecies","Ptilinopus chrysogaster"
"National Center for Biotechnology Information","Trioza vitiensis"
"Encyclopedia of Life","Conus chaldeus"
"Wikispecies","Uresiphita polygonalis"
"Encyclopedia of Life","Asymphorodes cuneatus"
"Wikispecies","Erechthias celestra"
"Wikispecies","Dichelopa argyrospiloides"
"National Center for Biotechnology Information","Mastophorus muris"
"Wikispecies","Dichelopa gnoma"
"Encyclopedia of Life","Asymphorodes canicoma"
"Encyclopedia of Life","Imma gloriana"
"Wikispecies","Erechthias melanospila"
"Wikispecies","Erechthias pandani"
"Encyclopedia of Life","Idioblasta amydrosoma"
"Freebase","Gracillaria verina"
"Encyclopedia of Life","Bradina stricta"
"Encyclopedia of Life","Asymphorodes fractura"
"uBio NameBank","Ischnocerithium rostratum"
"Encyclopedia of Life","Limnophora nigridorsata"
"Encyclopedia of Life","Asymphorodes diffidentia"
"National Center for Biotechnology Information","Syntomoza tahuata"
"Encyclopedia of Life","Batrachedra monophthalma"
"Encyclopedia of Life","Asymphorodes diamphidius"
"Encyclopedia of Life","Herlinda oligoria"
"Wikispecies","Dichelopa meligma"
"Wikispecies","Cardisoma guanhumi"
"Wikispecies","Dichelopa messalina"
"Encyclopedia of Life","Asymphorodes seminiger"
"Encyclopedia of Life","Asymphorodes plemmelia"
"Encyclopedia of Life","Herlinda fasciola"
"Encyclopedia of Life","Asymphorodes amblysoma"
"Encyclopedia of Life","Bradina eremica"
"Encyclopedia of Life","Chloroclystis torninubis"
"Encyclopedia of Life","Gonomyia tahitiensis"
"Wikispecies","Dichelopa vaccinii"
"Encyclopedia of Life","Gonomyia fuscoscutellata"
"Encyclopedia of Life","Asymphorodes aenigma"
"Encyclopedia of Life","Asymphorodes homosoma"
"Encyclopedia of Life","Wyoma dysgnoia"
"National Center for Biotechnology Information","Ligia vitiensis"
"Freebase","Caloptilia insidia"
"Wikispecies","Ernophthora palassoptera"
"Wikispecies","Dichelopa dorsata"
"National Center for Biotechnology Information","Rhesalides curvata"
"National Center for Biotechnology Information","Franklinothrips vespiformis"
"National Center for Biotechnology Information","Mocis frugalis"
"National Center for Biotechnology Information","Anochetus graeffei"
"National Center for Biotechnology Information","Lobopterella dimidiatipes"
"Encyclopedia of Life","Iona minuta"
"Encyclopedia of Life","Dioxyna sororcula"
"Union 4","Echinomorpha nishihirai"
"Encyclopedia of Life","Hyalopeplinus philippinensis"
"National Center for Biotechnology Information","Ponera swezeyi"
"National Center for Biotechnology Information","Chalcolepidius silbermanni"
"National Center for Biotechnology Information","Trochoideus desjardinsi"
"Wikispecies","Targalla delatrix"
"National Center for Biotechnology Information","Polydesma umbricola"
"Wikispecies","Musca domestica"
"Wikispecies","Culex pipiens"
"Wikispecies","Nesticodes rufipes"
"National Center for Biotechnology Information","Chrysomya varipes"
"Encyclopedia of Life","Atyoida tahitensis"
"Wikispecies","Zelus renardii"
"Wikispecies","Bos taurus"
"Wikispecies","Cryptamorpha desjardinsi"
"National Center for Biotechnology Information","Eucorynus crassicornis"
"National Center for Biotechnology Information","Sogatella kolophon"
"Encyclopedia of Life","Gnathothlibus astyanor"
"Encyclopedia of Life","Acicnemis variegata"
"Wikispecies","Mautodontha virginiae"
"Encyclopedia of Life","Synarea convexa"
"National Center for Biotechnology Information","Dipsastraea favus"
"Encyclopedia of Life","Libera incognata"
"Encyclopedia of Life","Succinea procera"
"National Center for Biotechnology Information","Vittina coromandeliana"
"Freebase","Helicina platychila"
"National Center for Biotechnology Information","Neritina canalis"
"Encyclopedia of Life","Philonesia turgida"
"Encyclopedia of Life","Trochomorpha ludersi"
"Encyclopedia of Life","Omphalotropis oblonga"
"Encyclopedia of Life","Ogasawarana crassilabris"
"Encyclopedia of Life","Samoana gonochila"
"Encyclopedia of Life","Aphanoconia faba"
"National Center for Biotechnology Information","Partula mooreana"
"Wikispecies","Merops nubicus"
"Encyclopedia of Life","Miocalles orbiculus"
"Wikispecies","Melanozosteria nitida"
"Catalogue of Life Checklist","Foa f."
"Encyclopedia of Life","Nesodiscus obolus"
"Encyclopedia of Life","Nesodiscus fictus"
"Wikispecies","Cardiocondyla nuda"
"Encyclopedia of Life","Pitys pagodiformis"
"Index to Organism Names","Helicina trochlea"
"Encyclopedia of Life","Anceyodonta sexlamellata"
"Encyclopedia of Life","Nesopupa tantilla"
"Encyclopedia of Life","Succinea mammillata"
"Encyclopedia of Life","Tubuaia voyana"
"Encyclopedia of Life","Antonella tenuis"
"Freebase","Mautodontha parvidens"
"Encyclopedia of Life","Taitaa striatula"
"Encyclopedia of Life","Sturanya multicolor"
"Freebase","Trochomorpha nigritella"
"Encyclopedia of Life","Cryptops mirus"
"National Center for Biotechnology Information","Partula producta"
"Encyclopedia of Life","Strobilus acicularis"
"Encyclopedia of Life","Pleuropoma raiatensis"
"Freebase","Partula cytherea"
"Encyclopedia of Life","Strobilus turritus"
"Encyclopedia of Life","Succinea dolphin"
"Encyclopedia of Life","Celticola anatonuensis"
"Encyclopedia of Life","Apopitys andersoni"
"Encyclopedia of Life","Trochomorpha assimilis"
"Encyclopedia of Life","Angustassiminea lucida"
"Wikispecies","Hypoponera punctatissima"
"Encyclopedia of Life","Electrina succinea"
"Encyclopedia of Life","Mitiperua simplex"
"Encyclopedia of Life","Libera cavernula"
"National Center for Biotechnology Information","Trigoniulus corallinus"
"Encyclopedia of Life","Philonesia fusca"
"Encyclopedia of Life","Lamellidea mumfordi"
"Encyclopedia of Life","Liardetia normalis"
"Encyclopedia of Life","Lamellidea uahukana"
"Freebase","Partula bilineata"
"Wikispecies","Gehyra insulensis"
"Encyclopedia of Life","Antonella trochlearis"
"Encyclopedia of Life","Omphalotropis dubia"
"Encyclopedia of Life","Tubuaia cylindrata"
"Encyclopedia of Life","Mecistocephalus angustior"
"Wikispecies","Partula gibba"
"Encyclopedia of Life","Helicina calliostoma"
"Encyclopedia of Life","Ostodes plicatus"
"Wikispecies","Junonia villida"
"Freebase","Partula planilabrum"
"National Center for Biotechnology Information","Stiphodon tuivi"
"Index to Organism Names","Blennius tonganus"
"National Center for Biotechnology Information","Sternochetus mangiferae"
"Encyclopedia of Life","Thelyphassa lateritia"
"National Center for Biotechnology Information","Adoretus versutus"
"Encyclopedia of Life","Raiateana oulietea"
"National Center for Biotechnology Information","Rhyncogonus cordiformis"
"Wikispecies","Oopsis oblongipennis"
"Wikispecies","Metacolpodes monticola"
"Wikispecies","Necrobia rufipes"
"Wikispecies","Ceresium olidum"
"Encyclopedia of Life","Rhyncogonus sparsus"
"Encyclopedia of Life","Plaesius javanus"
"Wikispecies","Strepsicrates dyselia"
"Wikispecies","Thalassodes pilaria"
"Wikispecies","Gnathothlibus erotus"
"Wikispecies","Chrysomya rufifacies"
"Wikispecies","Rhomphaea cometes"
"National Center for Biotechnology Information","Pardalinops testudinaria"
"National Center for Biotechnology Information","Partula mirabilis"
"Encyclopedia of Life","Samoana dryas"
"Encyclopedia of Life","Omphalotropis robusta"
"National Center for Biotechnology Information","Partula tohiveana"
"Encyclopedia of Life","Pleuropoma subrufa"
"Encyclopedia of Life","Mendana angulifera"
"Encyclopedia of Life","Mendana garrettiana"
"Encyclopedia of Life","Succinea macgillivrayi"
"Encyclopedia of Life","Georissa striata"
"National Center for Biotechnology Information","Samoana decussatula"
"Encyclopedia of Life","Philonesia pura"
"Encyclopedia of Life","Omphalotropis conoideus"
"National Center for Biotechnology Information","Samoana burchi"
"Encyclopedia of Life","Mendana subvenosa"
"Freebase","Mautodontha consobrina"
"Encyclopedia of Life","Omphalotropis costata"
"National Center for Biotechnology Information","Samoana margaritae"
"Encyclopedia of Life","Lamprocystis venosa"
"Encyclopedia of Life","Omphalotropis geometrica"
"National Center for Biotechnology Information","Partula aurantia"
"Encyclopedia of Life","Truncatella semicostata"
"Encyclopedia of Life","Lamprocystis simillima"
"Encyclopedia of Life","Hypselostoma luzonicum"
"National Center for Biotechnology Information","Samoana diaphana"
"National Center for Biotechnology Information","Partula arguta"
"Encyclopedia of Life","Melanoides laxa"
"Encyclopedia of Life","Hiona callifera"
"Encyclopedia of Life","Microcystis saintjohni"
"Encyclopedia of Life","Pukaloa obconica"
"National Center for Biotechnology Information","Partula vanikorensis"
"Encyclopedia of Life","Mendana thais"
"Encyclopedia of Life","Angustassiminea nitida"
"National Center for Biotechnology Information","Partula labrusca"
"Encyclopedia of Life","Mautodontha acuticostata"
"National Center for Biotechnology Information","Partula meyeri"
"Encyclopedia of Life","Microcystis aspera"
"Encyclopedia of Life","Microcystis lenticula"
"Encyclopedia of Life","Thiara indefinita"
"National Center for Biotechnology Information","Samoana bellula"
"Encyclopedia of Life","Aphanoconia rusticana"
"Encyclopedia of Life","Omphalotropis ornata"
"Encyclopedia of Life","Microcystis fosbergi"
"Encyclopedia of Life","Bactrocera perfusca"
"National Center for Biotechnology Information","Liriomyza brassicae"
"National Center for Biotechnology Information","Bactrocera kirki"
"Wikispecies","Simulium oviceps"
"Wikispecies","Simulium rurutuense"
"Wikispecies","Simulium buissoni"
"Wikispecies","Simulium gallinum"
"Wikispecies","Simulium lotii"
"Wikispecies","Simulium malardei"
"Wikispecies","Simulium exasperans"
"Wikispecies","Simulium hirticranium"
"Wikispecies","Simulium cheesmanae"
"Wikispecies","Simulium dojeycorium"
"Wikispecies","Simulium evenhuisi"
"Wikispecies","Simulium maraaense"
"Wikispecies","Simulium dussertorum"
"Wikispecies","Simulium shannonae"
"Wikispecies","Simulium cataractarum"
"Wikispecies","Simulium tahitiense"
"Wikispecies","Simulium lonckei"
"Encyclopedia of Life","Labahitha marginata"
"Wikispecies","Swezeyia lyricen"
"Wikispecies","Trachemys scripta"
"Wikispecies","Drosophila simulans"
"Wikispecies","Theridion melanostictum"
"National Center for Biotechnology Information","Tachysphex fanuiensis"
"National Center for Biotechnology Information","Caridina weberi"
"Wikispecies","Macrobrachium aemulum"
"Encyclopedia of Life","Sicyopterus caudimaculatus"
"Encyclopedia of Life","Hydrotetrix hivaoana"
"Encyclopedia of Life","Sulanyssus caput-medusae"
"National Center for Biotechnology Information","Trachyrhizium urniformis"
"National Center for Biotechnology Information","Aulographis japonica"
"National Center for Biotechnology Information","Euplotes qatarensis"
"Wikispecies","Gehyra mutilata"
"Wikispecies","Hemidactylus garnotii"
"Wikispecies","Hemiphyllodactylus typus"
"Encyclopedia of Life","Asymphorodes leucoloma"
"National Center for Biotechnology Information","Coenobita brevimanus"
"Encyclopedia of Life","Carposina paracrinifera"
"Wikispecies","Erechthias coprosoma"
"Encyclopedia of Life","Cosmopterix nonna"
"National Center for Biotechnology Information","Megerlia truncata"
"Wikispecies","Tramea limbata"
"National Center for Biotechnology Information","Hiona radians"
"Encyclopedia of Life","Mautodontha aoraiensis"
"Encyclopedia of Life","Mautodontha zimmermani"
"National Center for Biotechnology Information","Physella acuta"
"Encyclopedia of Life","Liardetia intermedia"
"Encyclopedia of Life","Succinea wallisi"
"Encyclopedia of Life","Succinea infundibuliformis"
"Encyclopedia of Life","Libera micrasoma"
"Encyclopedia of Life","Succinea amoi"
"Encyclopedia of Life","Sinployea tahitiensis"
"GBIF Backbone Taxonomy","Allopeas kyotoense"
"National Center for Biotechnology Information","Pseudosuccinea columella"
"Encyclopedia of Life","Nesoropupa fontainei"
"Encyclopedia of Life","Succinea tahitensis"
"Encyclopedia of Life","Nesoropupa duodecim"
"Encyclopedia of Life","Tomostele musaecola"
"Encyclopedia of Life","Taheitia pallida"
"Encyclopedia of Life","Leptinaria unilamellata"
"Index Animalium by Charles Davies Sherborn","Helicina pisum"
"Wikispecies","Dichelopa sericopis"
"Encyclopedia of Life","Cleora esoterica"
"Encyclopedia of Life","Idioblasta linearis"
"Wikispecies","Asymphorodes cicatricula"
"Encyclopedia of Life","Yama tahitiensis"
"Wikispecies","Erechthias aspera"
"Encyclopedia of Life","Imma rotia"
"Wikispecies","Dichelopa paragnoma"
"Wikispecies","Epicephala spinula"
"Wikispecies","Simulium adamsoni"
"Wikispecies","Simulium bogusium"
"Wikispecies","Simulium concludium"
"Wikispecies","Simulium connae"
"Wikispecies","Simulium middlemissae"
"Wikispecies","Simulium fossatiae"
"Wikispecies","Simulium neoviceps"
"Wikispecies","Simulium hukaense"
"Wikispecies","Simulium anatolicum"
"Wikispecies","Simulium castaneum"
"Wikispecies","Simulium sublonckei"
"Wikispecies","Simulium pichoni"
"Wikispecies","Simulium arlecchinum"
"Wikispecies","Simulium mesodontium"
"Wikispecies","Simulium fararae"
"Wikispecies","Simulium jnabsium"
"Wikispecies","Simulium raivavaense"
"Wikispecies","Simulium proctorae"
"Wikispecies","Simulium clibanarium"
"Wikispecies","Simulium joyae"
"Wikispecies","Simulium rivierei"
"Wikispecies","Simulium pallidicranium"
"Wikispecies","Simulium sechani"
"Encyclopedia of Life","Czernyola palliseta"
"Encyclopedia of Life","Autosticha merista"
"Encyclopedia of Life","Asymphorodes regina"
"Encyclopedia of Life","Ephysteris longicornis"
"Encyclopedia of Life","Bootania moorea"
"Encyclopedia of Life","Encolapta melaina"
"Wikispecies","Glyphodes eudoxia"
"Encyclopedia of Life","Idioblasta acrogramma"
"Encyclopedia of Life","Asymphorodes leptotes"
"Encyclopedia of Life","Asymphorodes hemileucus"
"Encyclopedia of Life","Spherillo vitiensis"
"Encyclopedia of Life","Metastrongylus elongatus"
"Wikispecies","Dichelopa pulcheria"
"Encyclopedia of Life","Fautaua diagonalis"
"Wikispecies","Gnathothlibus collardi"
"National Center for Biotechnology Information","Hysteroneura setariae"
"National Center for Biotechnology Information","Naupactus cervinus"
"Wikispecies","Crypsithyrodes concolorella"
"Wikispecies","Alucita xanthozona"
"Encyclopedia of Life","Herpetogramma cleoropa"
"Encyclopedia of Life","Hemicordulia oceanica"
"GBIF Backbone Taxonomy","Bastilla marquesanus"
"Wikispecies","Comodica coarctata"
"Wikispecies","Vespula vulgaris"
"Encyclopedia of Life","Semolina leucotricha"
"Encyclopedia of Life","Metasia gnorisma"
"Wikispecies","Ernophthora iospila"
"Encyclopedia of Life","Cosmopterix diandra"
"National Center for Biotechnology Information","Anigraea ochrobasis"
"Freebase","Cirripectes springeri"
"Wikispecies","Chromis opercularis"
"Encyclopedia of Life","Paracirrhites nisus"
"National Center for Biotechnology Information","Lethrinus laticaudis"
"National Center for Biotechnology Information","Pempheris vanicolensis"
"National Center for Biotechnology Information","Chalcophora japonica"
"Encyclopedia of Life","Mautodontha daedalea"
"Encyclopedia of Life","Partula makatea"
"Encyclopedia of Life","Nesiocina trilamellata"
"Encyclopedia of Life","Sturanya makaroaensis"
"Encyclopedia of Life","Nesiocina unilamellata"
"Encyclopedia of Life","Australdonta anneae"
"Encyclopedia of Life","Australdonta teaae"
"National Center for Biotechnology Information","Gastrocopta servilis"
"Encyclopedia of Life","Nesiocina superoperculata"
"Encyclopedia of Life","Nesiocina gambierensis"
"Encyclopedia of Life","Minidonta boucheti"
"National Center for Biotechnology Information","Gulella bicolor"
"Encyclopedia of Life","Nesiocina abdoui"
"Encyclopedia of Life","Minidonta bieleri"
"National Center for Biotechnology Information","Pupoidopsis hawaiensis"
"Encyclopedia of Life","Nesoropupa fenua"
"Encyclopedia of Life","Nesiocina grohi"
"Encyclopedia of Life","Nesoropupa nathaliae"
"Encyclopedia of Life","Nesiocina pauciplicata"
"Encyclopedia of Life","Nesiocina mangarevae"
"Encyclopedia of Life","Georissa insularis"
"Freebase","Lucilla scintilla"
"National Center for Biotechnology Information","Fluviopupa raivavaeensis"
"Encyclopedia of Life","Costigo saparuana"
"Encyclopedia of Life","Nesiocina pazi"
"National Center for Biotechnology Information","Fluviopupa jeanyvesi"
"Encyclopedia of Life","Quickia concisa"
"National Center for Biotechnology Information","Fluviopupa tubuaia"
"Encyclopedia of Life","Minidonta flammulina"
"Encyclopedia of Life","Australdonta oheatora"
"Encyclopedia of Life","Australdonta sibleti"
"National Center for Biotechnology Information","Fluviopupa rurutua"
"Encyclopedia of Life","Minidonta perminima"
"Encyclopedia of Life","Australdonta pakalolo"
"Encyclopedia of Life","Australdonta florencei"
"National Center for Biotechnology Information","Scoliopteryx libatrix"
"National Center for Biotechnology Information","Gynaikothrips uzeli"
"National Center for Biotechnology Information","Wyeomyia mitchellii"
"Encyclopedia of Life","Asymphorodes macrogramma"
"Wikispecies","Ligia exotica"
"Encyclopedia of Life","Asymphorodes emphereia"
"Encyclopedia of Life","Asymphorodes favilla"
"Encyclopedia of Life","Anceyodonta umbilicata"
"Wikispecies","Aukena tridentata"
"Encyclopedia of Life","Omphalotropis margarita"
"Encyclopedia of Life","Anceyodonta gatavakensis"
"Encyclopedia of Life","Aukena endodonta"
"Encyclopedia of Life","Philonesia mangarevae"
"Encyclopedia of Life","Punctum mokotoense"
"Encyclopedia of Life","Rikitea tapinoptyx"
"Encyclopedia of Life","Minidonta vallonia"
"Index Animalium by Charles Davies Sherborn","Helicina rohri"
"Encyclopedia of Life","Perahua grandis"
"Encyclopedia of Life","Libera retunsa"
"Encyclopedia of Life","Strobilus opeas"
"Encyclopedia of Life","Tubuaia cremnobates"
"Encyclopedia of Life","Aphanoconia corrugata"
"Encyclopedia of Life","Hiona verticillata"
"National Center for Biotechnology Information","Trochomorpha pallens"
"National Center for Biotechnology Information","Isometrus maculatus"
"Encyclopedia of Life","Nesopupa armata"
"Encyclopedia of Life","Glenognatha hirsutissima"
"Encyclopedia of Life","Asymphorodes poliopterus"
"Wikispecies","Zamagiria exedra"
"National Center for Biotechnology Information","Libnotes orofenaae"
"Wikispecies","Erechthias pagophila"
"Wikispecies","Stangeia rapae"
"uBio NameBank","Ophioblennius phalacrus"
"uBio NameBank","Paragobiodon kerri"
"The Interim Register of Marine and Nonmarine Genera","Entomacrodus plurifilis"
"Wikispecies","Erechthias psammaula"
"Wikispecies","Menemerus bivittatus"
"Encyclopedia of Life","Microzestis inelegans"
"Encyclopedia of Life","Cosmopterix aphranassa"
"Wikispecies","Aethaloessa calidalis"
"Wikispecies","Erechthias incongrua"
"Wikispecies","Strepsicrates ejectana"
"Wikispecies","Exitianus plebeius"
"National Center for Biotechnology Information","Braunsapis puangensis"
"Encyclopedia of Life","Echinoscelis hemithia"
"Encyclopedia of Life","Opogona regressa"
"National Center for Biotechnology Information","Lacon modestus"
"Wikispecies","Smeringopus pallidus"
"Encyclopedia of Life","Idioblasta lacteata"
"Encyclopedia of Life","Labdia leucoxantha"
"National Center for Biotechnology Information","Xylosandrus compactus"
"Encyclopedia of Life","Bradina tormentifera"
"Wikispecies","Erechthias penicillata"
"National Center for Biotechnology Information","Lupocyclus philippinensis"
"GBIF Backbone Taxonomy","Pseudosmittia tuvaluensis"
"Wikispecies","Erechthias sphenacma"
"Encyclopedia of Life","Choreutis semiclara"
"Wikispecies","Nacaduba tahitiensis"
"Wikispecies","Ernophthora dryinandra"
"Encyclopedia of Life","Eftichia chrysoleuca"
"Wikispecies","Vini kuhlii"
"Wikispecies","Tramea transmarina"
"Encyclopedia of Life","Pygiopachymerus lineola"
"Wikispecies","Candoia bibroni"
"Wikispecies","Passer domesticus"
"Wikispecies","Ardea alba"
"Encyclopedia of Life","Amphiodia loripes"
"National Center for Biotechnology Information","Macrobrachium feunteuni"
"Wikispecies","Cryptophlebia pallifimbriana"
"Wikispecies","Falco peregrinus"
"Wikispecies","Estrilda troglodytes"
"Encyclopedia of Life","Phalanta gabertii"
"Wikispecies","Cardiocondyla obscurior"
"National Center for Biotechnology Information","Chironomus samoensis"
"National Center for Biotechnology Information","Allograpta jacqi"
"Encyclopedia of Life","Herpetogramma phthorosticta"
"National Center for Biotechnology Information","Amyna axis"
"Wikispecies","Psychoda alternata"
"Wikispecies","Agrilus indignus"
"National Center for Biotechnology Information","Chelonus blackburni"
"Wikispecies","Cadra cautella"
"Wikispecies","Euploea alcathoe"
"National Center for Biotechnology Information","Graminella nigrifrons"
"Wikispecies","Ernophthora denticornis"
"Wikispecies","Neoxychirota isolata"
"National Center for Biotechnology Information","Oxidus gracilis"
"National Center for Biotechnology Information","Theba pisana"
"National Center for Biotechnology Information","Polistes aurifer"
"Wikispecies","Syllophopsis australica"
"Wikispecies","Pheidole megacephala"
"Wikispecies","Monomorium destructor"
"Encyclopedia of Life","Monomorium liliuokalanii"
"Wikispecies","Pheidole umbonata"
"Encyclopedia of Life","Ponera tenuis"
"National Center for Biotechnology Information","Pyramica membranifera"
"National Center for Biotechnology Information","Homalopoma picta"
"National Center for Biotechnology Information","Eua expansa"
"uBio NameBank","Petroscirtes quadrimaculatus"
"National Center for Biotechnology Information","Scolopendra dehaani"
"Encyclopedia of Life","Melania scitula"
"Encyclopedia of Life","Celticola arborea"
"Encyclopedia of Life","Succinea ovata"
"Encyclopedia of Life","Strobilus brevis"
"National Center for Biotechnology Information","Partula assimilis"
"Encyclopedia of Life","Navicella depressa"
"Encyclopedia of Life","Nesopupa paivae"
"Encyclopedia of Life","Tubuaia affinis"
"Encyclopedia of Life","Strobilus subtilis"
"Encyclopedia of Life","Atropis vescoi"
"Encyclopedia of Life","Philonesia chamissoi"
"Encyclopedia of Life","Neritina ortoni"
"Encyclopedia of Life","Bouryia cylindrata"
"Encyclopedia of Life","Lamellovum auriculella"
"National Center for Biotechnology Information","Partula turgida"
"Encyclopedia of Life","Taitaa dacryma"
"Encyclopedia of Life","Hiona cultrata"
"Encyclopedia of Life","Pharyngodon oceanicus"
"Wikispecies","Dichelopa argema"
"National Center for Biotechnology Information","Sceliphron curvatum"
"National Center for Biotechnology Information","Sameodes cancellalis"
"Encyclopedia of Life","Aprostocetus venustus"
"Wikispecies","Erechthias flavistriata"
"Wikispecies","Ischnura cardinalis"
"National Center for Biotechnology Information","Trioza zimmermani"
"Encyclopedia of Life","Asymphorodes paraporia"
"Wikispecies","Dichelopa platyxantha"
"Encyclopedia of Life","Stylophora paumotensis"
"Encyclopedia of Life","Taitaa neanica"
"National Center for Biotechnology Information","Technomyrmex albipes"
"Encyclopedia of Life","Rapanella andersoni"
"Encyclopedia of Life","Lamellovum costatum"
"Encyclopedia of Life","Omphalotropis subimperforata"
"uBio NameBank","Callionymus cookii"
"Encyclopedia of Life","Garrettia rotella"
"Encyclopedia of Life","Antonella pfeifferi"
"National Center for Biotechnology Information","Allopeas clavulinum"
"Encyclopedia of Life","Ostodes strigatus"
"Encyclopedia of Life","Nesodiscus taneae"
"National Center for Biotechnology Information","Samoana abbreviata"
"Encyclopedia of Life","Perichaeta albida"
"Wikispecies","Plagiolepis alluaudi"
"Wikispecies","Monomorium antarcticum"
"Wikispecies","Strumigenys insula"
"Encyclopedia of Life","Oligomyrmex tahitiensis"
"National Center for Biotechnology Information","Pardalophora apiculata"
"Encyclopedia of Life","Cheletopsis prosobonialis"
"Wikispecies","Dichelopa rhodographa"
"Encyclopedia of Life","Asymphorodes chrysophanes"
"Encyclopedia of Life","Eudonia aplysia"
"Wikispecies","Dichelopa canitia"
"Encyclopedia of Life","Rhyncogonus mimus"
"Wikispecies","Thaumatotibia nythobia"
"National Center for Biotechnology Information","Mesohomotoma hibisci"
"Wikispecies","Coridromius tahitiensis"
"Encyclopedia of Life","Herlinda phaeoxantha"
"Encyclopedia of Life","Metasia empelioptera"
"Index to Organism Names","Sigaloessa insularis"
"Encyclopedia of Life","Asymphorodes hypostema"
"National Center for Biotechnology Information","Trioza alipellucida"
"Encyclopedia of Life","Imma heppneri"
"Encyclopedia of Life","Marasmianympha eupselias"
"Encyclopedia of Life","Eudonia dupla"
"Wikispecies","Drosophila kikkawai"
"Encyclopedia of Life","Labdia ceriocosma"
"Encyclopedia of Life","Metasia chionostigma"
"Encyclopedia of Life","Hyalopeplus marquesanus"
"Encyclopedia of Life","Gonomyia punctigera"
"National Center for Biotechnology Information","Aedes scutellaris"
"National Center for Biotechnology Information","Chrysoperla externa"
"Encyclopedia of Life","Eudonia citrocosma"
"Encyclopedia of Life","Callopistria ouria"
"Wikispecies","Sardia rostrata"
"Encyclopedia of Life","Athamas tahitensis"
"National Center for Biotechnology Information","Achradocera arcuata"
"Encyclopedia of Life","Stathmopoda perfuga"
"Wikispecies","Rhipicephalus sanguineus"
"Wikispecies","Monomorium chinense"
"Wikispecies","Stangeia distantia"
"National Center for Biotechnology Information","Microchrysa flaviventris"
"Wikispecies","Creophilus erythrocephalus"
"Encyclopedia of Life","Melanoxanthus paeninsularis"
"Catalogue of Life Checklist","Rhyncogonus duhameli"
"Encyclopedia of Life","Simodactylus perraulti"
"GBIF Backbone Taxonomy","Tenebroides tahiti"
"National Center for Biotechnology Information","Dicranomyia tahitiensis"
"Encyclopedia of Life","Lycengraulis limnichthys"
"Encyclopedia of Life","Asymphorodes culminis"
"Wikispecies","Dichelopa ochroma"
"Wikispecies","Dichelopa dendrophila"
"Encyclopedia of Life","Asymphorodes sericeus"
"Encyclopedia of Life","Asymphorodes brevimacula"
"Wikispecies","Dichelopa myopori"
"Wikispecies","Asymphorodes acritopterus"
"Catalogue of Life Checklist","Pentalonia caladii"
"National Center for Biotechnology Information","Eumenes mediterraneus"
"Wikispecies","Cleora caliginosa"
"Wikispecies","Cleora longipectina"
"National Center for Biotechnology Information","Marasmia trapezalis"
"Wikispecies","Dichelopa ceramocausta"
"Encyclopedia of Life","Ctenomeristis ochrodepta"
"Wikispecies","Perigona nigriceps"
"Wikispecies","Megaselia spiracularis"
"Encyclopedia of Life","Asymphorodes polluta"
"Encyclopedia of Life","Hiona glandula"
"Encyclopedia of Life","Septaria janelli"
"Encyclopedia of Life","Succinea norfolkensis"
"Encyclopedia of Life","Helicina hartmani"
"Encyclopedia of Life","Trochonanina connollyi"
"Encyclopedia of Life","Helicina bitaeniata"
"Encyclopedia of Life","Septaria bougainvillei"
"Encyclopedia of Life","Samoana minuta"
"Encyclopedia of Life","Oospira mairei"
"Encyclopedia of Life","Cyclophorus leai"
"Encyclopedia of Life","Mendana marquesana"
"Encyclopedia of Life","Alcadia minima"
"Encyclopedia of Life","Aphanoconia rustica"
"Encyclopedia of Life","Baglivia ambigua"
"World Register of Marine Species","Columbella vitiensis"
"National Center for Biotechnology Information","Tylomelania towutensis"
"National Center for Biotechnology Information","Araecerus levipennis"
"Encyclopedia of Life","Pyroderces similis"
"National Center for Biotechnology Information","Solenopsis papuana"
"Encyclopedia of Life","Pyroderces megacentra"
"GBIF Backbone Taxonomy","Prohydrometra tohiea"
"GBIF Backbone Taxonomy","Prohydrometra englundi"
"GBIF Backbone Taxonomy","Prohydrometra moorea"
"Encyclopedia of Life","Hydrometra gagnei"
"GBIF Backbone Taxonomy","Prohydrometra johnpolhemi"
"GBIF Backbone Taxonomy","Marquesametra hivaoa"
"GBIF Backbone Taxonomy","Prohydrometra teatara"
"National Center for Biotechnology Information","Lithurgus scabrosus"
"Encyclopedia of Life","Trioza alifumosa"
"Encyclopedia of Life","Carcharias megalodon"
"Wikispecies","Campsicnemus scurra"
"Wikispecies","Campsicnemus uncleremus"
"Encyclopedia of Life","Monomorium australicum"
"National Center for Biotechnology Information","Rogeria stigmatica"
"Encyclopedia of Life","Tapinoma minutum"
"National Center for Biotechnology Information","Tetramorium caldarium"
"Wikispecies","Gasteracantha cancriformis"
"National Center for Biotechnology Information","Rhyncogonus viridescens"
"National Center for Biotechnology Information","Rhyncogonus adamsoni"
"Wikispecies","Aposthonia oceania"
"Encyclopedia of Life","Zeoleusis insularis"
"Encyclopedia of Life","Bactrocera luteola"
"Encyclopedia of Life","Tetragnatha tuamoaa"
"National Center for Biotechnology Information","Tetragnatha moua"
"National Center for Biotechnology Information","Rhyncogonus angustus"
"National Center for Biotechnology Information","Rhyncogonus hispidus"
"Wikispecies","Chrysodeixis includens"
"Wikispecies","Campsicnemus tahaanus"
"Wikispecies","Campsicnemus craigi"
"Wikispecies","Campsicnemus hihiroa"
"Wikispecies","Enochrus elongatulus"
"Encyclopedia of Life","Allograpta amphotera"
"National Center for Biotechnology Information","Rhyncogonus excavatus"
"National Center for Biotechnology Information","Rhyncogonus ochraceus"
"Wikispecies","Mecyclothorax aa"
"National Center for Biotechnology Information","Rhyncogonus othello"
"National Center for Biotechnology Information","Rhyncogonus nodosus"
"National Center for Biotechnology Information","Rhyncogonus planatus"
"National Center for Biotechnology Information","Rhabdoscelus obscurus"
"Encyclopedia of Life","Phenolia attenuata"
"Wikispecies","Campsicnemus taratara"
"National Center for Biotechnology Information","Rhyncogonus fulvus"
"Wikispecies","Aethina concolor"
"Wikispecies","Campsicnemus zigzag"
"Encyclopedia of Life","Limnogonus cheesmani"
"Encyclopedia of Life","Leptocoris rufomarginatus"
"National Center for Biotechnology Information","Rhyncogonus opacipennis"
"National Center for Biotechnology Information","Aphis medicaginis"
"Encyclopedia of Life","Campsicnemus ridiculoides"
"National Center for Biotechnology Information","Rhyncogonus pulvereus"
"Wikispecies","Campsicnemus lobatus"
"National Center for Biotechnology Information","Rhyncogonus expansus"
"National Center for Biotechnology Information","Bavia aericeps"
"Wikispecies","Melanozosteria soror"
"National Center for Biotechnology Information","Rhyncogonus brevis"
"National Center for Biotechnology Information","Rhyncogonus nigroaeneus"
"Encyclopedia of Life","Ananca kanack"
"National Center for Biotechnology Information","Rhyncogonus caudatus"
"Wikispecies","Carpophilus dimidiatus"
"National Center for Biotechnology Information","Platythyrea parallela"
"Wikispecies","Campsicnemus ostlinx"
"Wikispecies","Carpophilus oculatus"
"Wikispecies","Carposina longignathosa"
"Wikispecies","Campsicnemus gladiator"
"Encyclopedia of Life","Homoneura hawaiiensis"
"National Center for Biotechnology Information","Rhyncogonus eximius"
"National Center for Biotechnology Information","Rhyncogonus tuberosus"
"Wikispecies","Carposina brevinotata"
"Encyclopedia of Life","Americhernes kanaka"
"National Center for Biotechnology Information","Rhyncogonus navicularis"
"National Center for Biotechnology Information","Rhyncogonus ventralis"
"Encyclopedia of Life","Pseudoloxops tahiticus"
"Wikispecies","Hogna crispipes"
"National Center for Biotechnology Information","Rhyncogonus pectoralis"
"Wikispecies","Latrodectus geometricus"
"Encyclopedia of Life","Haplochernes funafutensis"
"National Center for Biotechnology Information","Rhyncogonus duplex"
"National Center for Biotechnology Information","Rhyncogonus testudineus"
"Wikispecies","Longipalpus gynandropsidis"
"National Center for Biotechnology Information","Rhyncogonus longulus"
"Encyclopedia of Life","Rhyncogonus otiorhyncoides"
"Catalogue of Life Checklist","Aphis nerii"
"National Center for Biotechnology Information","Rhyncogonus pleuralis"
"National Center for Biotechnology Information","Rhyncogonus lateralis"
"Wikispecies","Bemisia tabaci"
"Wikispecies","Campsicnemus meyeri"
"National Center for Biotechnology Information","Rhyncogonus rufulus"
"National Center for Biotechnology Information","Rhyncogonus tenebrosus"
"National Center for Biotechnology Information","Rhyncogonus corvus"
"Encyclopedia of Life","Pseudoloxops adamsoni"
"Wikispecies","Platysulcus tardus"
"Encyclopedia of Life","Asymphorodes chalcosoma"
"Wikispecies","Asymphorodes aporia"
"Encyclopedia of Life","Asymphorodes bipunctatus"
"Encyclopedia of Life","Cryptotermes dolei"
"Encyclopedia of Life","Asymphorodes nuciferae"
"Encyclopedia of Life","Echthromorpha marquisensis"
"Encyclopedia of Life","Eudonia clavula"
"Wikispecies","Micromimetus pictipes"
"National Center for Biotechnology Information","Todiramphus sacer"
"Freebase","Pomarea nukuhivae"
"Encyclopedia of Life","Acrocephalus astrolabii"
"National Center for Biotechnology Information","Veronicella cubensis"
"Index to Organism Names","Mugil brasiliensis"
"Encyclopedia of Life","Perinea tumida"
"National Center for Biotechnology Information","Scolopendra morsitans"
"National Center for Biotechnology Information","Samoana conica"
"Encyclopedia of Life","Pitys scalaris"
"Wikispecies","Scaphisoma jacqi"
"Wikispecies","Hasemania nana"
"Encyclopedia of Life","Floresorchestia papeari"
"National Center for Biotechnology Information","Parlatoria cinerea"
"Encyclopedia of Life","Bradina emphasis"
"Encyclopedia of Life","Eudonia achlya"
"Encyclopedia of Life","Autosticha leucoptera"
"Wikispecies","Pampusana jobiensis"
"Wikispecies","Prosobonia leucoptera"
"National Center for Biotechnology Information","Porcellio laevis"
"Index to Organism Names","Gobius bitelatus"
"Encyclopedia of Life","Lamellidea adamsoni"
"National Center for Biotechnology Information","Cubaris murina"
"Encyclopedia of Life","Tubuaia gouldi"
"Encyclopedia of Life","Pukunia acuta"
"National Center for Biotechnology Information","Calcinus tibicen"
"Encyclopedia of Life","Asymphorodes chalcopterus"
"Encyclopedia of Life","Asymphorodes nebrias"
"Wikispecies","Pityocona attenuata"
"Wikispecies","Ctenarytaina distincta"
"Encyclopedia of Life","Asymphorodes spodogramma"
"Encyclopedia of Life","Austromegalomus insulanus"
"Encyclopedia of Life","Iressa microsema"
"Encyclopedia of Life","Lathroteles obscura"
"Encyclopedia of Life","Asymphorodes remigiata"
"National Center for Biotechnology Information","Cyrtophora cylindroides"
"Encyclopedia of Life","Tetragnatha rimitarae"
"Wikispecies","Creugas gulosus"
"Encyclopedia of Life","Zenodorus pusillus"
"Wikispecies","Rattus norvegicus"
"Encyclopedia of Life","Libera dubiosa"
"Freebase","Partula raiatensis"
"Encyclopedia of Life","Cheiraster ludwigi"
"National Center for Biotechnology Information","Pythia scarabaeus"
"National Center for Biotechnology Information","Samoana stevensoniana"
"Freebase","Thaanumella angulosa"
"Freebase","Allopeas micra"
"Encyclopedia of Life","Gambiodonta tumida"
"GBIF Backbone Taxonomy","Lamprophaea poupini"
"Encyclopedia of Life","Chloritis malbatensis"
"Encyclopedia of Life","Opeas pyrgula"
"Encyclopedia of Life","Cypraea pellucens"
"Wikispecies","Cheiraster inops"
"uBio NameBank","Buliminus graecus"
"National Center for Biotechnology Information","Liocranchia reinhardtii"
"GBIF Backbone Taxonomy","Lamprophaea cornuta"
"Encyclopedia of Life","Taheitia porrecta"
"Encyclopedia of Life","Neritina parallela"
"National Center for Biotechnology Information","Oikopleura longicauda"
"Encyclopedia of Life","Neritina turtoni"
"Encyclopedia of Life","Nebularia chrysalis"
"Freebase","Linnaeoxanthus acanthomerus"
"National Center for Biotechnology Information","Deroceras laeve"
"Encyclopedia of Life","Septaria cumingiana"
"National Center for Biotechnology Information","Diacria trispinosa"
"Integrated Taxonomic Information SystemITIS","Conus acutangulus"
"Wikispecies","Galathea halia"
"Encyclopedia of Life","Trochomorpha tavinniensis"
"Encyclopedia of Life","Platydema subfascia"
"Freebase","Mautodontha maupiensis"
"National Center for Biotechnology Information","Libera fratercula"
"Wikispecies","Tubuaia coprophora"
"Encyclopedia of Life","Tubuaia hygrobia"
"Encyclopedia of Life","Pettancylus noumeensis"
"Wikispecies","Tubuaia saintjohni"
"Freebase","Pitta granatina"
"Encyclopedia of Life","Lamellovum globosum"
"National Center for Biotechnology Information","Vitrina angelicae"
"Encyclopedia of Life","Taitaa terebriformis"
"Encyclopedia of Life","Vittina natalensis"
"Encyclopedia of Life","Trochomorpha merziana"
"Encyclopedia of Life","Orobophana culminans"
"Encyclopedia of Life","Hiona marici"
"Encyclopedia of Life","Propalticus oculatus"
"Encyclopedia of Life","Australdonta raivavaeana"
"Encyclopedia of Life","Taitaa zimmermani"
"Encyclopedia of Life","Minidonta anatonuana"
"Encyclopedia of Life","Australdonta ectopia"
"Encyclopedia of Life","Elasmias simplicinum"
"Encyclopedia of Life","Australdonta pharcata"
"Encyclopedia of Life","Australdonta tapina"
"Encyclopedia of Life","Discocharopa aperta"
"Encyclopedia of Life","Australdonta degagei"
"Wikispecies","Ischnura jeanyvesmeyeri"
"Encyclopedia of Life","Microcystis kondoi"
"Encyclopedia of Life","Minidonta haplaenopla"
"Encyclopedia of Life","Tubuaia perplexa"
"Wikispecies","Tubuaia bakerorum"
"National Center for Biotechnology Information","Heteromysis ekamako"
"Encyclopedia of Life","Australdonta pseudplanulata"
"Encyclopedia of Life","Microcystis andersoni"
"Encyclopedia of Life","Microcystis adusta"
"Encyclopedia of Life","Minidonta planulata"
"Encyclopedia of Life","Minidonta micraconica"
"Encyclopedia of Life","Cookeana vindex"
"Encyclopedia of Life","Minidonta sulcata"
"Encyclopedia of Life","Partula pearcekellyi"
"Encyclopedia of Life","Filicicoris tatarnici"
"Encyclopedia of Life","Fluviopupa deflexa"
"Encyclopedia of Life","Australdonta rimatarana"
"Encyclopedia of Life","Fluviopupa crassiuscula"
"Encyclopedia of Life","Australdonta radiella"
"Encyclopedia of Life","Partula cootei"
"Encyclopedia of Life","Lamprocystis rurutuana"
"Encyclopedia of Life","Diastole rurutui"
"Encyclopedia of Life","Punctum polynesicum"
"Encyclopedia of Life","Australdonta yoshii"
"Encyclopedia of Life","Australdonta tubuaiana"
"Wikispecies","Tubuaia amoebodonta"
"Wikispecies","Ischnura rurutana"
"Encyclopedia of Life","Taitaa arauana"
"Encyclopedia of Life","Partula magistri"
"National Center for Biotechnology Information","Partula clarkei"
"Encyclopedia of Life","Minidonta gravacosta"
"Encyclopedia of Life","Septaria apiata"
"Encyclopedia of Life","Cookeana anathesis"
"National Center for Biotechnology Information","Ramphocelus bresilius"
"Encyclopedia of Life","Synclidopus hogani"
"Wikidata","Metanachis acleonta"
"National Center for Biotechnology Information","Xyleborus affinis"
"National Center for Biotechnology Information","Chrysis angolensis"
"Encyclopedia of Life","Chloroclystis pitoi"
"National Center for Biotechnology Information","Thyas coronata"
"Encyclopedia of Life","Austrosciapus connexus"
"National Center for Biotechnology Information","Amegilla pulchra"
"Encyclopedia of Life","Germalus montandoni"
"National Center for Biotechnology Information","Stelidota geminata"
"Wikispecies","Talitroides topitotum"
"Encyclopedia of Life","Ascalenia armigera"
"National Center for Biotechnology Information","Pyralis manihotalis"
"Encyclopedia of Life","Lissocnemitis argolyca"
"Wikispecies","Phthorimaea operculella"
"Freebase","Leucania loreyi"
"Wikispecies","Zizina labradus"
"Wikispecies","Petula phalarata"
"National Center for Biotechnology Information","Hypena gonospilalis"
"Wikispecies","Todiramphus sanctus"
"Wikispecies","Zizina otis"
"National Center for Biotechnology Information","Succinea rubella"
"Index to Organism Names","Cirrhites gibbosus"
"Wikispecies","Geopelia cuneata"
"Wikispecies","Assara decipula"
"Encyclopedia of Life","Ligia rugosa"
"Encyclopedia of Life","Asymphorodes lucerna"
"Encyclopedia of Life","Asymphorodes phaeodelta"
"Encyclopedia of Life","Asymphorodes semiluteus"
"National Center for Biotechnology Information","Leptogoniulus sorornus"
"Encyclopedia of Life","Trachycentra calamias"
"Wikispecies","Dichelopa exulcerata"
"National Center for Biotechnology Information","Condica dolorosa"
"National Center for Biotechnology Information","Cotesia marginiventris"
"National Center for Biotechnology Information","Chaetocnema confinis"
"Encyclopedia of Life","Labdia dicyanitis"
"Wikispecies","Sapintus oceanicus"
"GBIF Backbone Taxonomy","Semivertagus interstriatus"
"Arctos","Liardetia striolata"
"National Center for Biotechnology Information","Coenobita cavipes"
"Wikispecies","Xystrocera globosa"
"National Center for Biotechnology Information","Pyralis pictalis"
"Wikispecies","Bactrocera xanthodes"
"Wikispecies","Trigonotylus tenuis"
"Wikispecies","Erechthias pelotricha"
"Wikispecies","Tetragnatha nitens"
"Encyclopedia of Life","Prays ignota"
"Encyclopedia of Life","Pukunia pellucida"
"Encyclopedia of Life","Elasmias ovatum"
"World Register of Marine Species","Helicina picta"
"World Register of Marine Species","Melania societatis"
"Encyclopedia of Life","Elasmias simplicimum"
"Encyclopedia of Life","Strobilus perfragilis"
"Freebase","Partula formosa"
"Integrated Taxonomic Information SystemITIS","Kermia pumilia"
"National Center for Biotechnology Information","Mitrella fusiformis"
"Wikispecies","Homo sapiens"
"National Center for Biotechnology Information","Telmatoscopus albipunctatus"
"Encyclopedia of Life","Melanella araesomae"
"Encyclopedia of Life","Odostomia substitua"
"Encyclopedia of Life","Mesodesma striata"
"Encyclopedia of Life","Proterato schneideri"
"Encyclopedia of Life","Kellia delmasi"
"Encyclopedia of Life","Anisodonta ustulata"
"Encyclopedia of Life","Cycloscala hyalina"
"Encyclopedia of Life","Doris cinerosa"
"Encyclopedia of Life","Haminoea aperta"
"The Interim Register of Marine and Nonmarine Genera","Argyropeza leucocephala"
"uBio NameBank","Mipus nodosus"
"Encyclopedia of Life","Obesula lucidus"
"Encyclopedia of Life","Cheilea pileopsis"
"Encyclopedia of Life","Euthymella goubini"
"Encyclopedia of Life","Kermia albibalteata"
"Encyclopedia of Life","Cylichna tahitiensis"
"GBIF Backbone Taxonomy","Clivipollia albocincta"
"Encyclopedia of Life","Pyramidelloides delicatula"
"Encyclopedia of Life","Dolabella teremini"
"GBIF Backbone Taxonomy","Lienardia emmae"
"Encyclopedia of Life","Atys ooformis"
"GBIF Backbone Taxonomy","Latitriphora carteretensis"
"Encyclopedia of Life","Teinostoma impleta"
"Encyclopedia of Life","Terebra wellsiliae"
"Encyclopedia of Life","Mastoniaeforis poecila"
"Encyclopedia of Life","Conus tenuigranulata"
"Wikispecies","Novius pumilus"
"Wikispecies","Lithocharis nigriceps"
"National Center for Biotechnology Information","Lallemandana interrupta"
"Wikispecies","Erechthias phaeoptera"
"National Center for Biotechnology Information","Chalybion bengalense"
"Encyclopedia of Life","Austrothelphusa angustifrons"
"National Center for Biotechnology Information","Coccotrypes cyperi"
"Catalogue of Life Checklist","Pentalonia nigronervosa"
"Wikispecies","Simulium littopyga"
"Encyclopedia of Life","Pseudolibera lillianae"
"Wikispecies","Pseudolibera matthieui"
"Encyclopedia of Life","Kleokyphus hypsus"
"Wikispecies","Mautodontha passosi"
"Wikispecies","Mautodontha domaneschii"
"Wikispecies","Pseudolibera elieporoii"
"Wikispecies","Pseudolibera parva"
"Wikispecies","Pseudolibera paraminderae"
"Wikispecies","Pseudolibera solemi"
"Wikispecies","Mautodontha spelunca"
"Wikispecies","Mautodontha aurora"
"Wikispecies","Mautodontha occidentalis"
"Wikispecies","Pseudolibera extincta"
"Wikispecies","Kleokyphus cowiei"
"Wikispecies","Mautodontha temaoensis"
"Wikispecies","Pseudolibera cookei"
"Wikispecies","Mautodontha harperae"
"Wikispecies","Mautodontha makateaensis"
"Encyclopedia of Life","Kleokyphus callimus"
"Encyclopedia of Life","Asymphorodes honoria"
"Wikispecies","Dichelopa lupicinia"
"Encyclopedia of Life","Huonodon hectori"
"Wikispecies","Argina astrea"
"Wikispecies","Assara halmophila"
"Arctos","Helicina pilosa"
"Encyclopedia of Life","Geostilbia aperta"
"Encyclopedia of Life","Australdonta magnasulcata"
"Encyclopedia of Life","Australdonta sulcata"
"Encyclopedia of Life","Mangaoa perissa"
"Encyclopedia of Life","Australdonta microspiralis"
"Encyclopedia of Life","Australdonta collicella"
"Encyclopedia of Life","Philonesia zimmermani"
"Encyclopedia of Life","Philonesia tenuior"
"Freebase","Orangia cookei"
"Encyclopedia of Life","Australdonta magnasulcatissima"
"Freebase","Opanara bitridentata"
"Encyclopedia of Life","Hiona orbis"
"Freebase","Omphalotropis rubens"
"Encyclopedia of Life","Succinea bernardii"
"Wikispecies","Felis silvestris"
"Wikispecies","Vanessa itea"
"National Center for Biotechnology Information","Liorhyssus hyalinus"
"National Center for Biotechnology Information","Petrelaea dana"
"Freebase","Trichophaga mormopis"
"Encyclopedia of Life","Piezodorus oceanicus"
"National Center for Biotechnology Information","Grammodes oculata"
"National Center for Biotechnology Information","Australophiloscia societatis"
"Encyclopedia of Life","Homoneura nubila"
"Encyclopedia of Life","Eudonia ara"
"Encyclopedia of Life","Asymphorodes adynatus"
"Encyclopedia of Life","Tessema sensilis"
"Encyclopedia of Life","Psara orphnopeza"
"Wikispecies","Dichelopa anthracodelta"
"National Center for Biotechnology Information","Ligia hawaiensis"
"National Center for Biotechnology Information","Smilosicyopus bitaeniatus"
"National Center for Biotechnology Information","Sicyopterus marquesensis"
"Encyclopedia of Life","Stenogobius marqueti"
"Encyclopedia of Life","Lentipes rubrofasciatus"
"Encyclopedia of Life","Stenogobius squamosus"
"Encyclopedia of Life","Stenogobius caudimaculosus"
"Encyclopedia of Life","Stiphodon discotorquatus"
"Encyclopedia of Life","Elasmolomus v-album"
"Encyclopedia of Life","Anoplognathus punctulatus"
"GBIF Backbone Taxonomy","Herpetogramma jasiusalis"
"Wikispecies","Chrysodeixis illuminata"
"National Center for Biotechnology Information","Dasyrhicnoessa insularis"
"Encyclopedia of Life","Cryptops tahitianus"
"Encyclopedia of Life","Septaria macrocephala"
"uBio NameBank","Monacanthus hystrix"
"National Center for Biotechnology Information","Oligonychus coffeae"
"Wikispecies","Tetranychus neocaledonicus"
"Union 4","Oligonychus gramineus"
"Union 4","Oligonychus sacchari"
"National Center for Biotechnology Information","Eutetranychus africanus"
"National Center for Biotechnology Information","Oligonychus thelytokus"
"Union 4","Tetranychus yusti"
"Wikispecies","Tetranychus ludeni"
"Wikispecies","Tetranychus lambi"
"National Center for Biotechnology Information","Tetranychus gloveri"
"Wikispecies","Aedes albopictus"
"Encyclopedia of Life","Aceria hibisci"
"Encyclopedia of Life","Endodonta lamellosa"
"Freebase","Partula protracta"
"Encyclopedia of Life","Philonesia fatuhivae"
"Integrated Taxonomic Information SystemITIS","Crassispira zebra"
"Encyclopedia of Life","Hiona aorai"
"Encyclopedia of Life","Melania lancea"
"Encyclopedia of Life","Microcystina brunii"
"Freebase","Pupina complanata"
"Encyclopedia of Life","Maculotriton serrialis"
"Encyclopedia of Life","Cerithium columnare"
"World Register of Marine Species","Melania scopulus"
"Encyclopedia of Life","Taipidon petricola"
"Encyclopedia of Life","Mendana longicaulis"
"Freebase","Partula atilis"
"Freebase","Partula remota"
"Encyclopedia of Life","Assiminea morrisoni"
"Freebase","Partula cuneata"
"National Center for Biotechnology Information","Partula pacifica"
"Encyclopedia of Life","Semele obscura"
"Encyclopedia of Life","Helicina cinctella"
"Encyclopedia of Life","Lamprocystis normani"
"Encyclopedia of Life","Melania plutonis"
"Encyclopedia of Life","Septaria luzonica"
"Freebase","Partula dolichostoma"
"Encyclopedia of Life","Trochozonites conicus"
"Encyclopedia of Life","Liardetia grandis"
"Encyclopedia of Life","Partula rufa"
"Encyclopedia of Life","Libera streptaxon"
"World Register of Marine Species","Melania incisa"
"Arctos","Neritina pulchra"
"Encyclopedia of Life","Euconulus conoides"
"Freebase","Mautodontha boraborensis"
"Encyclopedia of Life","Helicina despecta"
"National Center for Biotechnology Information","Partula tristis"
"Encyclopedia of Life","Neripteron amoenum"
"Freebase","Partula levistriata"
"Encyclopedia of Life","Hiona monticola"
"World Register of Marine Species","Omphalotropis bulimoides"
"Encyclopedia of Life","Philonesia obliqua"
"Encyclopedia of Life","Arcopagia robusta"
"Encyclopedia of Life","Troschelviana pyramidalis"
"Freebase","Partula leptochila"
"Encyclopedia of Life","Liardetia perplexa"
"World Register of Marine Species","Tornatellina pusilla"
"Encyclopedia of Life","Microcystis ornatella"
"National Center for Biotechnology Information","Stenomelania aspirans"
